{
	"configs" : [
		{
			"remarks" : "",
			"id" : "522CF7617C7BFB9F54B7B164B5E27C2C",
			"server" : "server host",
			"server_port" : 8388,
			"server_udp_port" : 0,
			"password" : "0",
			"method" : "aes-256-cfb",
			"protocol" : "origin",
			"protocolparam" : "",
			"obfs" : "plain",
			"obfsparam" : "",
			"remarks_base64" : "",
			"group" : "FreeSSR-public",
			"enable" : true,
			"udp_over_tcp" : false
		},
		{
			"remarks" : "剩余流量：95.50% 601.96GB",
			"id" : "0133F290793FACEFC6BD959DE8F15AE7",
			"server" : "www.google.com",
			"server_port" : 1,
			"server_udp_port" : 0,
			"password" : "breakwall",
			"method" : "chacha20",
			"protocol" : "auth_chain_a",
			"protocolparam" : "",
			"obfs" : "tls1.2_ticket_auth",
			"obfsparam" : "",
			"remarks_base64" : "5Ymp5L2Z5rWB6YeP77yaOTUuNTAlIDYwMS45NkdC",
			"group" : "我们所向往的 - 单端口",
			"enable" : true,
			"udp_over_tcp" : false
		},
		{
			"remarks" : "过期时间：2019-11-25 02:45:00",
			"id" : "7146FB79A648084EA383063394D2EEA6",
			"server" : "www.google.com",
			"server_port" : 2,
			"server_udp_port" : 0,
			"password" : "breakwall",
			"method" : "chacha20",
			"protocol" : "auth_chain_a",
			"protocolparam" : "",
			"obfs" : "tls1.2_ticket_auth",
			"obfsparam" : "",
			"remarks_base64" : "6L-H5pyf5pe26Ze077yaMjAxOS0xMS0yNSAwMjo0NTowMA",
			"group" : "我们所向往的 - 单端口",
			"enable" : true,
			"udp_over_tcp" : false
		},
		{
			"remarks" : "中国01-四川移动-×1[单]",
			"id" : "3A8DB2290B22A04BBCF7AEC5F056C391",
			"server" : "hgxl.wmsxwd.xyz",
			"server_port" : 10091,
			"server_udp_port" : 0,
			"password" : "ZSI1Xe",
			"method" : "aes-256-cfb",
			"protocol" : "auth_aes128_sha1",
			"protocolparam" : "3415:yDtE9Z",
			"obfs" : "http_simple",
			"obfsparam" : "5a468.microsoft.com",
			"remarks_base64" : "5Lit5Zu9MDEt5Zub5bed56e75YqoLcOXMVvljZVd",
			"group" : "我们所向往的 - 单端口",
			"enable" : true,
			"udp_over_tcp" : false
		},
		{
			"remarks" : "中国03-江苏镇江-×1.5[单]",
			"id" : "6B0953A4014619182788C7EE73E99C28",
			"server" : "hglt.ddns.357159.xyz",
			"server_port" : 51140,
			"server_udp_port" : 0,
			"password" : "ZSI1Xe",
			"method" : "aes-256-cfb",
			"protocol" : "auth_aes128_sha1",
			"protocolparam" : "3415:yDtE9Z",
			"obfs" : "http_simple",
			"obfsparam" : "5a468.microsoft.com",
			"remarks_base64" : "5Lit5Zu9MDMt5rGf6IuP6ZWH5rGfLcOXMS41W-WNlV0",
			"group" : "我们所向往的 - 单端口",
			"enable" : true,
			"udp_over_tcp" : false
		},
		{
			"remarks" : "俄罗斯01-西伯利亚-×0.5-Netflix[单]",
			"id" : "3F9E0F344BA4672F7492692E5878D419",
			"server" : "vipxbly.wmsxwd.xyz",
			"server_port" : 10091,
			"server_udp_port" : 0,
			"password" : "ZSI1Xe",
			"method" : "aes-256-cfb",
			"protocol" : "auth_aes128_sha1",
			"protocolparam" : "3415:yDtE9Z",
			"obfs" : "http_simple",
			"obfsparam" : "5a468.microsoft.com",
			"remarks_base64" : "5L-E572X5pavMDEt6KW_5Lyv5Yip5LqaLcOXMC41LU5ldGZsaXhb5Y2VXQ",
			"group" : "我们所向往的 - 单端口",
			"enable" : true,
			"udp_over_tcp" : false
		},
		{
			"remarks" : "俄罗斯02-西伯利亚-×0.1-Netflix[单]",
			"id" : "47A44552DA990754176B060458C0DE23",
			"server" : "xbly.wmsxwd.xyz",
			"server_port" : 10091,
			"server_udp_port" : 0,
			"password" : "ZSI1Xe",
			"method" : "aes-256-cfb",
			"protocol" : "auth_aes128_sha1",
			"protocolparam" : "3415:yDtE9Z",
			"obfs" : "http_simple",
			"obfsparam" : "5a468.microsoft.com",
			"remarks_base64" : "5L-E572X5pavMDIt6KW_5Lyv5Yip5LqaLcOXMC4xLU5ldGZsaXhb5Y2VXQ",
			"group" : "我们所向往的 - 单端口",
			"enable" : true,
			"udp_over_tcp" : false
		},
		{
			"remarks" : "台湾01-HiNet-×0.9-Netflix-荐[单]",
			"id" : "FD3F6647336FF980E8380ED7916420B0",
			"server" : "tw.566366.xyz",
			"server_port" : 10091,
			"server_udp_port" : 0,
			"password" : "ZSI1Xe",
			"method" : "aes-256-cfb",
			"protocol" : "auth_aes128_sha1",
			"protocolparam" : "3415:yDtE9Z",
			"obfs" : "http_simple",
			"obfsparam" : "5a468.microsoft.com",
			"remarks_base64" : "5Y-w5rm-MDEtSGlOZXQtw5cwLjktTmV0ZmxpeC3ojZBb5Y2VXQ",
			"group" : "我们所向往的 - 单端口",
			"enable" : true,
			"udp_over_tcp" : false
		},
		{
			"remarks" : "台湾02-HiNet-×0.9-Netflix-荐[单]",
			"id" : "4C525A89AA21728F2F381A7AB5D9AD62",
			"server" : "tw2.566366.xyz",
			"server_port" : 10091,
			"server_udp_port" : 0,
			"password" : "ZSI1Xe",
			"method" : "aes-256-cfb",
			"protocol" : "auth_aes128_sha1",
			"protocolparam" : "3415:yDtE9Z",
			"obfs" : "http_simple",
			"obfsparam" : "5a468.microsoft.com",
			"remarks_base64" : "5Y-w5rm-MDItSGlOZXQtw5cwLjktTmV0ZmxpeC3ojZBb5Y2VXQ",
			"group" : "我们所向往的 - 单端口",
			"enable" : true,
			"udp_over_tcp" : false
		},
		{
			"remarks" : "台湾03-HiNet-×0.9-Netflix[单]",
			"id" : "45850A12CCCD165C77968AC5DF2D7F1D",
			"server" : "tw3.wmsxwd.xyz",
			"server_port" : 10091,
			"server_udp_port" : 0,
			"password" : "ZSI1Xe",
			"method" : "aes-256-cfb",
			"protocol" : "auth_aes128_sha1",
			"protocolparam" : "3415:yDtE9Z",
			"obfs" : "http_simple",
			"obfsparam" : "5a468.microsoft.com",
			"remarks_base64" : "5Y-w5rm-MDMtSGlOZXQtw5cwLjktTmV0ZmxpeFvljZVd",
			"group" : "我们所向往的 - 单端口",
			"enable" : true,
			"udp_over_tcp" : false
		},
		{
			"remarks" : "台湾04-HiNet-×0.9-Netflix-荐[单]",
			"id" : "C5053AE752BAFCBBD63E205F463132F5",
			"server" : "tw4.wmsxwd.xyz",
			"server_port" : 10091,
			"server_udp_port" : 0,
			"password" : "ZSI1Xe",
			"method" : "aes-256-cfb",
			"protocol" : "auth_aes128_sha1",
			"protocolparam" : "3415:yDtE9Z",
			"obfs" : "http_simple",
			"obfsparam" : "5a468.microsoft.com",
			"remarks_base64" : "5Y-w5rm-MDQtSGlOZXQtw5cwLjktTmV0ZmxpeC3ojZBb5Y2VXQ",
			"group" : "我们所向往的 - 单端口",
			"enable" : true,
			"udp_over_tcp" : false
		},
		{
			"remarks" : "台湾05-HiNet-×0.9-Netflix-荐[单]",
			"id" : "DB0E017B35A4A2039349C116BEA222EC",
			"server" : "tw5.ddns.357159.xyz",
			"server_port" : 10091,
			"server_udp_port" : 0,
			"password" : "ZSI1Xe",
			"method" : "aes-256-cfb",
			"protocol" : "auth_aes128_sha1",
			"protocolparam" : "3415:yDtE9Z",
			"obfs" : "http_simple",
			"obfsparam" : "5a468.microsoft.com",
			"remarks_base64" : "5Y-w5rm-MDUtSGlOZXQtw5cwLjktTmV0ZmxpeC3ojZBb5Y2VXQ",
			"group" : "我们所向往的 - 单端口",
			"enable" : true,
			"udp_over_tcp" : false
		},
		{
			"remarks" : "台湾06-HiNet-×0.8-Netflix[单]",
			"id" : "672762B325DF13F6C63508894442F0FE",
			"server" : "twvm.ddns.357159.xyz",
			"server_port" : 10091,
			"server_udp_port" : 0,
			"password" : "ZSI1Xe",
			"method" : "aes-256-cfb",
			"protocol" : "auth_aes128_sha1",
			"protocolparam" : "3415:yDtE9Z",
			"obfs" : "http_simple",
			"obfsparam" : "5a468.microsoft.com",
			"remarks_base64" : "5Y-w5rm-MDYtSGlOZXQtw5cwLjgtTmV0ZmxpeFvljZVd",
			"group" : "我们所向往的 - 单端口",
			"enable" : true,
			"udp_over_tcp" : false
		},
		{
			"remarks" : "台湾08-HiNet-×0.8-Netflix[单]",
			"id" : "25FBDED9BAE4413A1FFAEC88B278AE32",
			"server" : "tw8.ddns.566366.xyz",
			"server_port" : 10091,
			"server_udp_port" : 0,
			"password" : "ZSI1Xe",
			"method" : "aes-256-cfb",
			"protocol" : "auth_aes128_sha1",
			"protocolparam" : "3415:yDtE9Z",
			"obfs" : "http_simple",
			"obfsparam" : "5a468.microsoft.com",
			"remarks_base64" : "5Y-w5rm-MDgtSGlOZXQtw5cwLjgtTmV0ZmxpeFvljZVd",
			"group" : "我们所向往的 - 单端口",
			"enable" : true,
			"udp_over_tcp" : false
		},
		{
			"remarks" : "新加坡01-免费-×0.01-限速[单]",
			"id" : "4B33B5C6738B7C670D93DC9366F4356B",
			"server" : "mf3.ddns.357159.xyz",
			"server_port" : 10091,
			"server_udp_port" : 0,
			"password" : "ZSI1Xe",
			"method" : "aes-256-cfb",
			"protocol" : "auth_aes128_sha1",
			"protocolparam" : "3415:yDtE9Z",
			"obfs" : "http_simple",
			"obfsparam" : "5a468.microsoft.com",
			"remarks_base64" : "5paw5Yqg5Z2hMDEt5YWN6LS5LcOXMC4wMS3pmZDpgJ9b5Y2VXQ",
			"group" : "我们所向往的 - 单端口",
			"enable" : true,
			"udp_over_tcp" : false
		},
		{
			"remarks" : "日本11-GMO-×0.9-Netflix-荐[单]",
			"id" : "E57D914316FFDA6F1D64B836E905D22A",
			"server" : "xjpal.wmsxwd.xyz",
			"server_port" : 10091,
			"server_udp_port" : 0,
			"password" : "ZSI1Xe",
			"method" : "aes-256-cfb",
			"protocol" : "auth_aes128_sha1",
			"protocolparam" : "3415:yDtE9Z",
			"obfs" : "http_simple",
			"obfsparam" : "5a468.microsoft.com",
			"remarks_base64" : "5pel5pysMTEtR01PLcOXMC45LU5ldGZsaXgt6I2QW-WNlV0",
			"group" : "我们所向往的 - 单端口",
			"enable" : true,
			"udp_over_tcp" : false
		},
		{
			"remarks" : "新加坡03-AWS-×1.5[单]",
			"id" : "CB7F59EC4DF4127E529D807320A5549B",
			"server" : "awsxinjiapo.wmsxwd.xyz",
			"server_port" : 10091,
			"server_udp_port" : 0,
			"password" : "ZSI1Xe",
			"method" : "aes-256-cfb",
			"protocol" : "auth_aes128_sha1",
			"protocolparam" : "3415:yDtE9Z",
			"obfs" : "http_simple",
			"obfsparam" : "5a468.microsoft.com",
			"remarks_base64" : "5paw5Yqg5Z2hMDMtQVdTLcOXMS41W-WNlV0",
			"group" : "我们所向往的 - 单端口",
			"enable" : true,
			"udp_over_tcp" : false
		},
		{
			"remarks" : "新加坡05-AWS-×1.2[单]",
			"id" : "7D0183F685DE54C7564A958F79442516",
			"server" : "gjxjp.wmsxwd.xyz",
			"server_port" : 10091,
			"server_udp_port" : 0,
			"password" : "ZSI1Xe",
			"method" : "aes-256-cfb",
			"protocol" : "auth_aes128_sha1",
			"protocolparam" : "3415:yDtE9Z",
			"obfs" : "http_simple",
			"obfsparam" : "5a468.microsoft.com",
			"remarks_base64" : "5paw5Yqg5Z2hMDUtQVdTLcOXMS4yW-WNlV0",
			"group" : "我们所向往的 - 单端口",
			"enable" : true,
			"udp_over_tcp" : false
		},
		{
			"remarks" : "日本15-GMO-×0.9-Netflix-荐[单]",
			"id" : "1ADB412E1097922CB91D0D1C35909BE2",
			"server" : "xjp6.ddns.357159.xyz",
			"server_port" : 10091,
			"server_udp_port" : 0,
			"password" : "ZSI1Xe",
			"method" : "aes-256-cfb",
			"protocol" : "auth_aes128_sha1",
			"protocolparam" : "3415:yDtE9Z",
			"obfs" : "http_simple",
			"obfsparam" : "5a468.microsoft.com",
			"remarks_base64" : "5pel5pysMTUtR01PLcOXMC45LU5ldGZsaXgt6I2QW-WNlV0",
			"group" : "我们所向往的 - 单端口",
			"enable" : true,
			"udp_over_tcp" : false
		},
		{
			"remarks" : "新加坡07-阿里云-×1.9-Netflix[单]",
			"id" : "C1E349D85FDEF12386A2DFD88B37AC77",
			"server" : "xjp7.ddns.357159.xyz",
			"server_port" : 10091,
			"server_udp_port" : 0,
			"password" : "ZSI1Xe",
			"method" : "aes-256-cfb",
			"protocol" : "auth_aes128_sha1",
			"protocolparam" : "3415:yDtE9Z",
			"obfs" : "http_simple",
			"obfsparam" : "5a468.microsoft.com",
			"remarks_base64" : "5paw5Yqg5Z2hMDct6Zi_6YeM5LqRLcOXMS45LU5ldGZsaXhb5Y2VXQ",
			"group" : "我们所向往的 - 单端口",
			"enable" : true,
			"udp_over_tcp" : false
		},
		{
			"remarks" : "日本02-AWS-×1.5[单]",
			"id" : "DB1297008772592647214CC81022DF18",
			"server" : "awsdongjing.wmsxwd.xyz",
			"server_port" : 10091,
			"server_udp_port" : 0,
			"password" : "ZSI1Xe",
			"method" : "aes-256-cfb",
			"protocol" : "auth_aes128_sha1",
			"protocolparam" : "3415:yDtE9Z",
			"obfs" : "http_simple",
			"obfsparam" : "5a468.microsoft.com",
			"remarks_base64" : "5pel5pysMDItQVdTLcOXMS41W-WNlV0",
			"group" : "我们所向往的 - 单端口",
			"enable" : true,
			"udp_over_tcp" : false
		},
		{
			"remarks" : "日本03-AWS-×1[单]",
			"id" : "0CF5E80E84FBE236D456A580019EB39F",
			"server" : "gjrb.wmsxwd.xyz",
			"server_port" : 10091,
			"server_udp_port" : 0,
			"password" : "ZSI1Xe",
			"method" : "aes-256-cfb",
			"protocol" : "auth_aes128_sha1",
			"protocolparam" : "3415:yDtE9Z",
			"obfs" : "http_simple",
			"obfsparam" : "5a468.microsoft.com",
			"remarks_base64" : "5pel5pysMDMtQVdTLcOXMVvljZVd",
			"group" : "我们所向往的 - 单端口",
			"enable" : true,
			"udp_over_tcp" : false
		},
		{
			"remarks" : "日本04-GMO-×0.9-Netflix[单]",
			"id" : "C6C5F75D88D3DAA005D6F4720E88A70D",
			"server" : "gmo.wmsxwd.xyz",
			"server_port" : 545,
			"server_udp_port" : 0,
			"password" : "ZSI1Xe",
			"method" : "aes-256-cfb",
			"protocol" : "auth_aes128_sha1",
			"protocolparam" : "3415:yDtE9Z",
			"obfs" : "http_simple",
			"obfsparam" : "5a468.microsoft.com",
			"remarks_base64" : "5pel5pysMDQtR01PLcOXMC45LU5ldGZsaXhb5Y2VXQ",
			"group" : "我们所向往的 - 单端口",
			"enable" : true,
			"udp_over_tcp" : false
		},
		{
			"remarks" : "日本05-GMO-×0.9-Netflix-荐[单]",
			"id" : "D77498E0DF2ACAC40521BBA3EF1CB3DC",
			"server" : "iij.wmsxwd.xyz",
			"server_port" : 10091,
			"server_udp_port" : 0,
			"password" : "ZSI1Xe",
			"method" : "aes-256-cfb",
			"protocol" : "auth_aes128_sha1",
			"protocolparam" : "3415:yDtE9Z",
			"obfs" : "http_simple",
			"obfsparam" : "5a468.microsoft.com",
			"remarks_base64" : "5pel5pysMDUtR01PLcOXMC45LU5ldGZsaXgt6I2QW-WNlV0",
			"group" : "我们所向往的 - 单端口",
			"enable" : true,
			"udp_over_tcp" : false
		},
		{
			"remarks" : "日本06-GMO-×0.8-Netflix-荐[单]",
			"id" : "05335AF6453A680EFDD24A29C1515AC0",
			"server" : "wtt.wmsxwd.xyz",
			"server_port" : 10091,
			"server_udp_port" : 0,
			"password" : "ZSI1Xe",
			"method" : "aes-256-cfb",
			"protocol" : "auth_aes128_sha1",
			"protocolparam" : "3415:yDtE9Z",
			"obfs" : "http_simple",
			"obfsparam" : "5a468.microsoft.com",
			"remarks_base64" : "5pel5pysMDYtR01PLcOXMC44LU5ldGZsaXgt6I2QW-WNlV0",
			"group" : "我们所向往的 - 单端口",
			"enable" : true,
			"udp_over_tcp" : false
		},
		{
			"remarks" : "日本07-GMO-×0.9-Netflix-荐[单]",
			"id" : "96081130BF62662244D499B218F39549",
			"server" : "gmo1.ddns.357159.xyz",
			"server_port" : 10091,
			"server_udp_port" : 0,
			"password" : "ZSI1Xe",
			"method" : "aes-256-cfb",
			"protocol" : "auth_aes128_sha1",
			"protocolparam" : "3415:yDtE9Z",
			"obfs" : "http_simple",
			"obfsparam" : "5a468.microsoft.com",
			"remarks_base64" : "5pel5pysMDctR01PLcOXMC45LU5ldGZsaXgt6I2QW-WNlV0",
			"group" : "我们所向往的 - 单端口",
			"enable" : true,
			"udp_over_tcp" : false
		},
		{
			"remarks" : "日本08-GMO-×0.9-Netflix-荐[单]",
			"id" : "B7D861BCA20E1F326F75E9EF51F6D1C3",
			"server" : "gmo8.ddns.566366.xyz",
			"server_port" : 10091,
			"server_udp_port" : 0,
			"password" : "ZSI1Xe",
			"method" : "aes-256-cfb",
			"protocol" : "auth_aes128_sha1",
			"protocolparam" : "3415:yDtE9Z",
			"obfs" : "http_simple",
			"obfsparam" : "5a468.microsoft.com",
			"remarks_base64" : "5pel5pysMDgtR01PLcOXMC45LU5ldGZsaXgt6I2QW-WNlV0",
			"group" : "我们所向往的 - 单端口",
			"enable" : true,
			"udp_over_tcp" : false
		},
		{
			"remarks" : "美国01-免费-×0.01-限速[单]",
			"id" : "41F2A95C1875AE5A35DFAC7CBA410007",
			"server" : "mf2.357159.xyz",
			"server_port" : 10091,
			"server_udp_port" : 0,
			"password" : "ZSI1Xe",
			"method" : "aes-256-cfb",
			"protocol" : "auth_aes128_sha1",
			"protocolparam" : "3415:yDtE9Z",
			"obfs" : "http_simple",
			"obfsparam" : "5a468.microsoft.com",
			"remarks_base64" : "576O5Zu9MDEt5YWN6LS5LcOXMC4wMS3pmZDpgJ9b5Y2VXQ",
			"group" : "我们所向往的 - 单端口",
			"enable" : true,
			"udp_over_tcp" : false
		},
		{
			"remarks" : "美国03-AWS-×1.9-Netflix[单]",
			"id" : "6403B5A450C69EE896112A595D013CD8",
			"server" : "nfvip1.566366.xyz",
			"server_port" : 10091,
			"server_udp_port" : 0,
			"password" : "ZSI1Xe",
			"method" : "aes-256-cfb",
			"protocol" : "auth_aes128_sha1",
			"protocolparam" : "3415:yDtE9Z",
			"obfs" : "http_simple",
			"obfsparam" : "5a468.microsoft.com",
			"remarks_base64" : "576O5Zu9MDMtQVdTLcOXMS45LU5ldGZsaXhb5Y2VXQ",
			"group" : "我们所向往的 - 单端口",
			"enable" : true,
			"udp_over_tcp" : false
		},
		{
			"remarks" : "美国04-原生IP-×0.9-Netflix[单]",
			"id" : "862D085EBC133E2732F68FDF3CECB13C",
			"server" : "usa.wmsxwd.xyz",
			"server_port" : 10091,
			"server_udp_port" : 0,
			"password" : "ZSI1Xe",
			"method" : "aes-256-cfb",
			"protocol" : "auth_aes128_sha1",
			"protocolparam" : "3415:yDtE9Z",
			"obfs" : "http_simple",
			"obfsparam" : "5a468.microsoft.com",
			"remarks_base64" : "576O5Zu9MDQt5Y6f55SfSVAtw5cwLjktTmV0ZmxpeFvljZVd",
			"group" : "我们所向往的 - 单端口",
			"enable" : true,
			"udp_over_tcp" : false
		},
		{
			"remarks" : "美国06-GIA-×2.5-Netflix-荐[单]",
			"id" : "0FF2BA9A1296FD1D380D22AE3EB83AD8",
			"server" : "sjcgia.ddns.357159.xyz",
			"server_port" : 10091,
			"server_udp_port" : 0,
			"password" : "ZSI1Xe",
			"method" : "aes-256-cfb",
			"protocol" : "auth_aes128_sha1",
			"protocolparam" : "3415:yDtE9Z",
			"obfs" : "http_simple",
			"obfsparam" : "5a468.microsoft.com",
			"remarks_base64" : "576O5Zu9MDYtR0lBLcOXMi41LU5ldGZsaXgt6I2QW-WNlV0",
			"group" : "我们所向往的 - 单端口",
			"enable" : true,
			"udp_over_tcp" : false
		},
		{
			"remarks" : "美国07-GIA-×1.5-Netflix[单]",
			"id" : "7974CAE250085E7D6DF871687F1AB8C8",
			"server" : "au7.ddns.357159.xyz",
			"server_port" : 10091,
			"server_udp_port" : 0,
			"password" : "ZSI1Xe",
			"method" : "aes-256-cfb",
			"protocol" : "auth_aes128_sha1",
			"protocolparam" : "3415:yDtE9Z",
			"obfs" : "http_simple",
			"obfsparam" : "5a468.microsoft.com",
			"remarks_base64" : "576O5Zu9MDctR0lBLcOXMS41LU5ldGZsaXhb5Y2VXQ",
			"group" : "我们所向往的 - 单端口",
			"enable" : true,
			"udp_over_tcp" : false
		},
		{
			"remarks" : "美国08-GIA-×2.5-Netflix[单]",
			"id" : "14B951AFBC506459DEA78CF4576F8FDB",
			"server" : "gia1.wmsxwd.xyz",
			"server_port" : 10091,
			"server_udp_port" : 0,
			"password" : "ZSI1Xe",
			"method" : "aes-256-cfb",
			"protocol" : "auth_aes128_sha1",
			"protocolparam" : "3415:yDtE9Z",
			"obfs" : "http_simple",
			"obfsparam" : "5a468.microsoft.com",
			"remarks_base64" : "576O5Zu9MDgtR0lBLcOXMi41LU5ldGZsaXhb5Y2VXQ",
			"group" : "我们所向往的 - 单端口",
			"enable" : true,
			"udp_over_tcp" : false
		},
		{
			"remarks" : "美国11-GIA×1.5[单]",
			"id" : "0FBA800097DC5A650122B48E89AFD367",
			"server" : "ua11.ddns.357159.xyz",
			"server_port" : 10091,
			"server_udp_port" : 0,
			"password" : "ZSI1Xe",
			"method" : "aes-256-cfb",
			"protocol" : "auth_aes128_sha1",
			"protocolparam" : "3415:yDtE9Z",
			"obfs" : "http_simple",
			"obfsparam" : "5a468.microsoft.com",
			"remarks_base64" : "576O5Zu9MTEtR0lBw5cxLjVb5Y2VXQ",
			"group" : "我们所向往的 - 单端口",
			"enable" : true,
			"udp_over_tcp" : false
		},
		{
			"remarks" : "美国12-圣何塞原生-×1-Netflix[单]",
			"id" : "758EC3780D92E5F9143A873DDF3EFBAF",
			"server" : "he.ddns.357159.xyz",
			"server_port" : 10091,
			"server_udp_port" : 0,
			"password" : "ZSI1Xe",
			"method" : "aes-256-cfb",
			"protocol" : "auth_aes128_sha1",
			"protocolparam" : "3415:yDtE9Z",
			"obfs" : "http_simple",
			"obfsparam" : "5a468.microsoft.com",
			"remarks_base64" : "576O5Zu9MTIt5Zyj5L2V5aGe5Y6f55SfLcOXMS1OZXRmbGl4W-WNlV0",
			"group" : "我们所向往的 - 单端口",
			"enable" : true,
			"udp_over_tcp" : false
		},
		{
			"remarks" : "美国13-GIA-×2.5-Netflix[单]",
			"id" : "7332F1951473B26AEF31B2855E42EB27",
			"server" : "gia.wmsxwd.xyz",
			"server_port" : 10091,
			"server_udp_port" : 0,
			"password" : "ZSI1Xe",
			"method" : "aes-256-cfb",
			"protocol" : "auth_aes128_sha1",
			"protocolparam" : "3415:yDtE9Z",
			"obfs" : "http_simple",
			"obfsparam" : "5a468.microsoft.com",
			"remarks_base64" : "576O5Zu9MTMtR0lBLcOXMi41LU5ldGZsaXhb5Y2VXQ",
			"group" : "我们所向往的 - 单端口",
			"enable" : true,
			"udp_over_tcp" : false
		},
		{
			"remarks" : "美国14-GIA-×2.5-Netflix[单]",
			"id" : "6CEFCFF8775602184267CCF294F32703",
			"server" : "60gia.ddns.357159.xyz",
			"server_port" : 10091,
			"server_udp_port" : 0,
			"password" : "ZSI1Xe",
			"method" : "aes-256-cfb",
			"protocol" : "auth_aes128_sha1",
			"protocolparam" : "3415:yDtE9Z",
			"obfs" : "http_simple",
			"obfsparam" : "5a468.microsoft.com",
			"remarks_base64" : "576O5Zu9MTQtR0lBLcOXMi41LU5ldGZsaXhb5Y2VXQ",
			"group" : "我们所向往的 - 单端口",
			"enable" : true,
			"udp_over_tcp" : false
		},
		{
			"remarks" : "美国15-GIA-×2.5-Netflix[单]",
			"id" : "7190CE9C5FB8871D15595D57372F479E",
			"server" : "ua15.ddns.566366.xyz",
			"server_port" : 10091,
			"server_udp_port" : 0,
			"password" : "ZSI1Xe",
			"method" : "aes-256-cfb",
			"protocol" : "auth_aes128_sha1",
			"protocolparam" : "3415:yDtE9Z",
			"obfs" : "http_simple",
			"obfsparam" : "5a468.microsoft.com",
			"remarks_base64" : "576O5Zu9MTUtR0lBLcOXMi41LU5ldGZsaXhb5Y2VXQ",
			"group" : "我们所向往的 - 单端口",
			"enable" : true,
			"udp_over_tcp" : false
		},
		{
			"remarks" : "美国16-GIA-×2.4-Netflix[单]",
			"id" : "55764B9E77EEFCE239BAA8EBB28A4C6E",
			"server" : "ua16.ddns.566366.xyz",
			"server_port" : 10091,
			"server_udp_port" : 0,
			"password" : "ZSI1Xe",
			"method" : "aes-256-cfb",
			"protocol" : "auth_aes128_sha1",
			"protocolparam" : "3415:yDtE9Z",
			"obfs" : "http_simple",
			"obfsparam" : "5a468.microsoft.com",
			"remarks_base64" : "576O5Zu9MTYtR0lBLcOXMi40LU5ldGZsaXhb5Y2VXQ",
			"group" : "我们所向往的 - 单端口",
			"enable" : true,
			"udp_over_tcp" : false
		},
		{
			"remarks" : "美国17-GIA-×2.4-Netflix[单]",
			"id" : "AB64A2C821BEE03339454D774B57E1E0",
			"server" : "ua17.ddns.566366.xyz",
			"server_port" : 10091,
			"server_udp_port" : 0,
			"password" : "ZSI1Xe",
			"method" : "aes-256-cfb",
			"protocol" : "auth_aes128_sha1",
			"protocolparam" : "3415:yDtE9Z",
			"obfs" : "http_simple",
			"obfsparam" : "5a468.microsoft.com",
			"remarks_base64" : "576O5Zu9MTctR0lBLcOXMi40LU5ldGZsaXhb5Y2VXQ",
			"group" : "我们所向往的 - 单端口",
			"enable" : true,
			"udp_over_tcp" : false
		},
		{
			"remarks" : "菲律宾01-CW-×0.8-荐[单]",
			"id" : "7004BE818A2A819F4475AEA8C3F6C90E",
			"server" : "flb1.ddns.357159.xyz",
			"server_port" : 10091,
			"server_udp_port" : 0,
			"password" : "ZSI1Xe",
			"method" : "aes-256-cfb",
			"protocol" : "auth_aes128_sha1",
			"protocolparam" : "3415:yDtE9Z",
			"obfs" : "http_simple",
			"obfsparam" : "5a468.microsoft.com",
			"remarks_base64" : "6I-y5b6L5a6-MDEtQ1ctw5cwLjgt6I2QW-WNlV0",
			"group" : "我们所向往的 - 单端口",
			"enable" : true,
			"udp_over_tcp" : false
		},
		{
			"remarks" : "菲律宾02-CW-×0.8-荐[单]",
			"id" : "97791EFE38A326986357264691F2E4E1",
			"server" : "flb2.ddns.357159.xyz",
			"server_port" : 10091,
			"server_udp_port" : 0,
			"password" : "ZSI1Xe",
			"method" : "aes-256-cfb",
			"protocol" : "auth_aes128_sha1",
			"protocolparam" : "3415:yDtE9Z",
			"obfs" : "http_simple",
			"obfsparam" : "5a468.microsoft.com",
			"remarks_base64" : "6I-y5b6L5a6-MDItQ1ctw5cwLjgt6I2QW-WNlV0",
			"group" : "我们所向往的 - 单端口",
			"enable" : true,
			"udp_over_tcp" : false
		},
		{
			"remarks" : "韩国01-AWS-×1.5[单]",
			"id" : "5A67EC0AD53BF7CB5AFF11C5A2C5056B",
			"server" : "awsshouer.wmsxwd.xyz",
			"server_port" : 10091,
			"server_udp_port" : 0,
			"password" : "ZSI1Xe",
			"method" : "aes-256-cfb",
			"protocol" : "auth_aes128_sha1",
			"protocolparam" : "3415:yDtE9Z",
			"obfs" : "http_simple",
			"obfsparam" : "5a468.microsoft.com",
			"remarks_base64" : "6Z-p5Zu9MDEtQVdTLcOXMS41W-WNlV0",
			"group" : "我们所向往的 - 单端口",
			"enable" : true,
			"udp_over_tcp" : false
		},
		{
			"remarks" : "游戏02-韩国KT-×3.5-限速[单]",
			"id" : "65A7EB64B2B18B652FA8B47D68AD204F",
			"server" : "kt.wmsxwd.xyz",
			"server_port" : 10091,
			"server_udp_port" : 0,
			"password" : "ZSI1Xe",
			"method" : "aes-256-cfb",
			"protocol" : "auth_aes128_sha1",
			"protocolparam" : "3415:yDtE9Z",
			"obfs" : "http_simple",
			"obfsparam" : "5a468.microsoft.com",
			"remarks_base64" : "5ri45oiPMDIt6Z-p5Zu9S1Qtw5czLjUt6ZmQ6YCfW-WNlV0",
			"group" : "我们所向往的 - 单端口",
			"enable" : true,
			"udp_over_tcp" : false
		},
		{
			"remarks" : "香港01-HGC-×0.5-Netflix[单]",
			"id" : "6F07A62CA687AEB8AEC96A43EC48E3A4",
			"server" : "hgc.wmsxwd.xyz",
			"server_port" : 10091,
			"server_udp_port" : 0,
			"password" : "ZSI1Xe",
			"method" : "aes-256-cfb",
			"protocol" : "auth_aes128_sha1",
			"protocolparam" : "3415:yDtE9Z",
			"obfs" : "http_simple",
			"obfsparam" : "5a468.microsoft.com",
			"remarks_base64" : "6aaZ5rivMDEtSEdDLcOXMC41LU5ldGZsaXhb5Y2VXQ",
			"group" : "我们所向往的 - 单端口",
			"enable" : true,
			"udp_over_tcp" : false
		},
		{
			"remarks" : "日本13-GMO-×0.9-Netflix-荐[单]",
			"id" : "72A326AD1766AF3B81BAC12EF8B40A7C",
			"server" : "hk3.566366.xyz",
			"server_port" : 10091,
			"server_udp_port" : 0,
			"password" : "ZSI1Xe",
			"method" : "aes-256-cfb",
			"protocol" : "auth_aes128_sha1",
			"protocolparam" : "3415:yDtE9Z",
			"obfs" : "http_simple",
			"obfsparam" : "5a468.microsoft.com",
			"remarks_base64" : "5pel5pysMTMtR01PLcOXMC45LU5ldGZsaXgt6I2QW-WNlV0",
			"group" : "我们所向往的 - 单端口",
			"enable" : true,
			"udp_over_tcp" : false
		},
		{
			"remarks" : "日本12-GMO-×0.9-Netflix-荐[单]",
			"id" : "46CDF5F6951DAD3A0FFD75C438FED21F",
			"server" : "hk4.wmsxwd.xyz",
			"server_port" : 10091,
			"server_udp_port" : 0,
			"password" : "ZSI1Xe",
			"method" : "aes-256-cfb",
			"protocol" : "auth_aes128_sha1",
			"protocolparam" : "3415:yDtE9Z",
			"obfs" : "http_simple",
			"obfsparam" : "5a468.microsoft.com",
			"remarks_base64" : "5pel5pysMTItR01PLcOXMC45LU5ldGZsaXgt6I2QW-WNlV0",
			"group" : "我们所向往的 - 单端口",
			"enable" : true,
			"udp_over_tcp" : false
		},
		{
			"remarks" : "日本14-GMO-×0.9-Netflix-荐[单]",
			"id" : "3DAA3ECEA69E3E721742E1D713362874",
			"server" : "hkqyy.wmsxwd.xyz",
			"server_port" : 10091,
			"server_udp_port" : 0,
			"password" : "ZSI1Xe",
			"method" : "aes-256-cfb",
			"protocol" : "auth_aes128_sha1",
			"protocolparam" : "3415:yDtE9Z",
			"obfs" : "http_simple",
			"obfsparam" : "5a468.microsoft.com",
			"remarks_base64" : "5pel5pysMTQtR01PLcOXMC45LU5ldGZsaXgt6I2QW-WNlV0",
			"group" : "我们所向往的 - 单端口",
			"enable" : true,
			"udp_over_tcp" : false
		},
		{
			"remarks" : "澳门01-CTM-×1-Netflix-荐[单]",
			"id" : "260F5CD19B7491755BE739724FD85882",
			"server" : "hkgia.wmsxwd.xyz",
			"server_port" : 10091,
			"server_udp_port" : 0,
			"password" : "ZSI1Xe",
			"method" : "aes-256-cfb",
			"protocol" : "auth_aes128_sha1",
			"protocolparam" : "3415:yDtE9Z",
			"obfs" : "http_simple",
			"obfsparam" : "5a468.microsoft.com",
			"remarks_base64" : "5r6z6ZeoMDEtQ1RNLcOXMS1OZXRmbGl4LeiNkFvljZVd",
			"group" : "我们所向往的 - 单端口",
			"enable" : true,
			"udp_over_tcp" : false
		},
		{
			"remarks" : "香港08-HKBN-×1.5-Netflix[单]",
			"id" : "0EB901E8CF33E8F6E439986D13CC7A94",
			"server" : "hkbn.wmsxwd.xyz",
			"server_port" : 10091,
			"server_udp_port" : 0,
			"password" : "ZSI1Xe",
			"method" : "aes-256-cfb",
			"protocol" : "auth_aes128_sha1",
			"protocolparam" : "3415:yDtE9Z",
			"obfs" : "http_simple",
			"obfsparam" : "5a468.microsoft.com",
			"remarks_base64" : "6aaZ5rivMDgtSEtCTi3DlzEuNS1OZXRmbGl4W-WNlV0",
			"group" : "我们所向往的 - 单端口",
			"enable" : true,
			"udp_over_tcp" : false
		},
		{
			"remarks" : "香港09-HKBN-×0.8-荐-Netflix[单]",
			"id" : "8F66AAD8C2556155BB0CEBB052F6AAAD",
			"server" : "hkbn.ddns.357159.xyz",
			"server_port" : 545,
			"server_udp_port" : 0,
			"password" : "ZSI1Xe",
			"method" : "aes-256-cfb",
			"protocol" : "auth_aes128_sha1",
			"protocolparam" : "3415:yDtE9Z",
			"obfs" : "http_simple",
			"obfsparam" : "5a468.microsoft.com",
			"remarks_base64" : "6aaZ5rivMDktSEtCTi3DlzAuOC3ojZAtTmV0ZmxpeFvljZVd",
			"group" : "我们所向往的 - 单端口",
			"enable" : true,
			"udp_over_tcp" : false
		},
		{
			"remarks" : "香港10-HKBN-×0.9-Netflix-荐[单]",
			"id" : "08FB8BD7FC708B10C34C23A827CC178D",
			"server" : "hkbn4.wmsxwd.xyz",
			"server_port" : 10091,
			"server_udp_port" : 0,
			"password" : "ZSI1Xe",
			"method" : "aes-256-cfb",
			"protocol" : "auth_aes128_sha1",
			"protocolparam" : "3415:yDtE9Z",
			"obfs" : "http_simple",
			"obfsparam" : "5a468.microsoft.com",
			"remarks_base64" : "6aaZ5rivMTAtSEtCTi3DlzAuOS1OZXRmbGl4LeiNkFvljZVd",
			"group" : "我们所向往的 - 单端口",
			"enable" : true,
			"udp_over_tcp" : false
		},
		{
			"remarks" : "香港11-HKT-×0.9-Netflix-荐[单]",
			"id" : "7491C0BF55D496D7D3337A06325FD349",
			"server" : "hkt1g.wmsxwd.xyz",
			"server_port" : 10091,
			"server_udp_port" : 0,
			"password" : "ZSI1Xe",
			"method" : "aes-256-cfb",
			"protocol" : "auth_aes128_sha1",
			"protocolparam" : "3415:yDtE9Z",
			"obfs" : "http_simple",
			"obfsparam" : "5a468.microsoft.com",
			"remarks_base64" : "6aaZ5rivMTEtSEtULcOXMC45LU5ldGZsaXgt6I2QW-WNlV0",
			"group" : "我们所向往的 - 单端口",
			"enable" : true,
			"udp_over_tcp" : false
		},
		{
			"remarks" : "香港12-HKT-×1.5-Netflix[单]",
			"id" : "1EE8B6FED693177E44204F0BC08CB5FD",
			"server" : "hkt.wmsxwd.xyz",
			"server_port" : 10091,
			"server_udp_port" : 0,
			"password" : "ZSI1Xe",
			"method" : "aes-256-cfb",
			"protocol" : "auth_aes128_sha1",
			"protocolparam" : "3415:yDtE9Z",
			"obfs" : "http_simple",
			"obfsparam" : "5a468.microsoft.com",
			"remarks_base64" : "6aaZ5rivMTItSEtULcOXMS41LU5ldGZsaXhb5Y2VXQ",
			"group" : "我们所向往的 - 单端口",
			"enable" : true,
			"udp_over_tcp" : false
		},
		{
			"remarks" : "香港13-HKT-×0.8-Netflix-荐[单]",
			"id" : "D90BF53889E63A379760DC52D09B739F",
			"server" : "hkt13.ddns.357159.xyz",
			"server_port" : 10091,
			"server_udp_port" : 0,
			"password" : "ZSI1Xe",
			"method" : "aes-256-cfb",
			"protocol" : "auth_aes128_sha1",
			"protocolparam" : "3415:yDtE9Z",
			"obfs" : "http_simple",
			"obfsparam" : "5a468.microsoft.com",
			"remarks_base64" : "6aaZ5rivMTMtSEtULcOXMC44LU5ldGZsaXgt6I2QW-WNlV0",
			"group" : "我们所向往的 - 单端口",
			"enable" : true,
			"udp_over_tcp" : false
		},
		{
			"remarks" : "香港14-HKT-×0.9-Netflix-荐[单]",
			"id" : "AC48D686B457B0CD53177EDAB71C50ED",
			"server" : "hkt2.566366.xyz",
			"server_port" : 10091,
			"server_udp_port" : 0,
			"password" : "ZSI1Xe",
			"method" : "aes-256-cfb",
			"protocol" : "auth_aes128_sha1",
			"protocolparam" : "3415:yDtE9Z",
			"obfs" : "http_simple",
			"obfsparam" : "5a468.microsoft.com",
			"remarks_base64" : "6aaZ5rivMTQtSEtULcOXMC45LU5ldGZsaXgt6I2QW-WNlV0",
			"group" : "我们所向往的 - 单端口",
			"enable" : true,
			"udp_over_tcp" : false
		},
		{
			"remarks" : "香港15-HKT-×0.9-Netflix-荐[单]",
			"id" : "68525C18A5498521F17C8F2326980E44",
			"server" : "hkt15.ddns.357159.xyz",
			"server_port" : 10091,
			"server_udp_port" : 0,
			"password" : "ZSI1Xe",
			"method" : "aes-256-cfb",
			"protocol" : "auth_aes128_sha1",
			"protocolparam" : "3415:yDtE9Z",
			"obfs" : "http_simple",
			"obfsparam" : "5a468.microsoft.com",
			"remarks_base64" : "6aaZ5rivMTUtSEtULcOXMC45LU5ldGZsaXgt6I2QW-WNlV0",
			"group" : "我们所向往的 - 单端口",
			"enable" : true,
			"udp_over_tcp" : false
		},
		{
			"remarks" : "香港16-HKT-×0.8-Netflix-荐[单]",
			"id" : "83BE6B62A4498AE1AD93C4B9BDB55CE3",
			"server" : "htk22.ddns.357159.xyz",
			"server_port" : 10091,
			"server_udp_port" : 0,
			"password" : "ZSI1Xe",
			"method" : "aes-256-cfb",
			"protocol" : "auth_aes128_sha1",
			"protocolparam" : "3415:yDtE9Z",
			"obfs" : "http_simple",
			"obfsparam" : "5a468.microsoft.com",
			"remarks_base64" : "6aaZ5rivMTYtSEtULcOXMC44LU5ldGZsaXgt6I2QW-WNlV0",
			"group" : "我们所向往的 - 单端口",
			"enable" : true,
			"udp_over_tcp" : false
		},
		{
			"remarks" : "香港17-HKT-×0.9-Netflix-荐[单]",
			"id" : "730BE30382E4056883A6510D64BF040C",
			"server" : "hk17.ddns.357159.xyz",
			"server_port" : 10091,
			"server_udp_port" : 0,
			"password" : "ZSI1Xe",
			"method" : "aes-256-cfb",
			"protocol" : "auth_aes128_sha1",
			"protocolparam" : "3415:yDtE9Z",
			"obfs" : "http_simple",
			"obfsparam" : "5a468.microsoft.com",
			"remarks_base64" : "6aaZ5rivMTctSEtULcOXMC45LU5ldGZsaXgt6I2QW-WNlV0",
			"group" : "我们所向往的 - 单端口",
			"enable" : true,
			"udp_over_tcp" : false
		},
		{
			"remarks" : "游戏03-香港cn2-×8-限速[单]",
			"id" : "3F568BB057892CB03C29D5FF6BF4A098",
			"server" : "game.ddns.357159.xyz",
			"server_port" : 10091,
			"server_udp_port" : 0,
			"password" : "ZSI1Xe",
			"method" : "aes-256-cfb",
			"protocol" : "auth_aes128_sha1",
			"protocolparam" : "3415:yDtE9Z",
			"obfs" : "http_simple",
			"obfsparam" : "5a468.microsoft.com",
			"remarks_base64" : "5ri45oiPMDMt6aaZ5rivY24yLcOXOC3pmZDpgJ9b5Y2VXQ",
			"group" : "我们所向往的 - 单端口",
			"enable" : true,
			"udp_over_tcp" : false
		},
		{
			"remarks" : "日本09-GMO-×0.9-Netflix-荐[单]",
			"id" : "BD139CDD16F7AD166C4F49941813B82B",
			"server" : "hk7.ddns.357159.xyz",
			"server_port" : 10091,
			"server_udp_port" : 0,
			"password" : "ZSI1Xe",
			"method" : "aes-256-cfb",
			"protocol" : "auth_aes128_sha1",
			"protocolparam" : "3415:yDtE9Z",
			"obfs" : "http_simple",
			"obfsparam" : "5a468.microsoft.com",
			"remarks_base64" : "5pel5pysMDktR01PLcOXMC45LU5ldGZsaXgt6I2QW-WNlV0",
			"group" : "我们所向往的 - 单端口",
			"enable" : true,
			"udp_over_tcp" : false
		},
		{
			"remarks" : "日本10-GMO-×0.9-Netflix-荐[单]",
			"id" : "ECD9D2C318B176F0D8F92E1E102994EF",
			"server" : "hk9.ddns.357159.xyz",
			"server_port" : 10091,
			"server_udp_port" : 0,
			"password" : "ZSI1Xe",
			"method" : "aes-256-cfb",
			"protocol" : "auth_aes128_sha1",
			"protocolparam" : "3415:yDtE9Z",
			"obfs" : "http_simple",
			"obfsparam" : "5a468.microsoft.com",
			"remarks_base64" : "5pel5pysMTAtR01PLcOXMC45LU5ldGZsaXgt6I2QW-WNlV0",
			"group" : "我们所向往的 - 单端口",
			"enable" : true,
			"udp_over_tcp" : false
		},
		{
			"remarks" : "香港30-HKT-×0.8-Netflix-荐[单]",
			"id" : "4CE41ECE4E107E100490E42962CBAE33",
			"server" : "hk30.ddns.566366.xyz",
			"server_port" : 10091,
			"server_udp_port" : 0,
			"password" : "ZSI1Xe",
			"method" : "aes-256-cfb",
			"protocol" : "auth_aes128_sha1",
			"protocolparam" : "3415:yDtE9Z",
			"obfs" : "http_simple",
			"obfsparam" : "5a468.microsoft.com",
			"remarks_base64" : "6aaZ5rivMzAtSEtULcOXMC44LU5ldGZsaXgt6I2QW-WNlV0",
			"group" : "我们所向往的 - 单端口",
			"enable" : true,
			"udp_over_tcp" : false
		},
		{
			"remarks" : "香港31-HKT-×0.8-Netflix-荐[单]",
			"id" : "FFFD5FE2F2713CDAD61C525D62C5126D",
			"server" : "hk31.ddns.566366.xyz",
			"server_port" : 10091,
			"server_udp_port" : 0,
			"password" : "ZSI1Xe",
			"method" : "aes-256-cfb",
			"protocol" : "auth_aes128_sha1",
			"protocolparam" : "3415:yDtE9Z",
			"obfs" : "http_simple",
			"obfsparam" : "5a468.microsoft.com",
			"remarks_base64" : "6aaZ5rivMzEtSEtULcOXMC44LU5ldGZsaXgt6I2QW-WNlV0",
			"group" : "我们所向往的 - 单端口",
			"enable" : true,
			"udp_over_tcp" : false
		},
		{
			"remarks" : "香港32-HKT-×0.9-Netflix-荐[单]",
			"id" : "C230254B82D5A596DDB5F9FB443969F7",
			"server" : "hk32.ddns.566366.xyz",
			"server_port" : 545,
			"server_udp_port" : 0,
			"password" : "ZSI1Xe",
			"method" : "aes-256-cfb",
			"protocol" : "auth_aes128_sha1",
			"protocolparam" : "3415:yDtE9Z",
			"obfs" : "http_simple",
			"obfsparam" : "5a468.microsoft.com",
			"remarks_base64" : "6aaZ5rivMzItSEtULcOXMC45LU5ldGZsaXgt6I2QW-WNlV0",
			"group" : "我们所向往的 - 单端口",
			"enable" : true,
			"udp_over_tcp" : false
		},
		{
			"remarks" : "香港33-HKT-×0.9-Netflix-荐[单]",
			"id" : "B07F453135C181B76FD0A4933E00B94E",
			"server" : "hk33.ddns.566366.xyz",
			"server_port" : 10091,
			"server_udp_port" : 0,
			"password" : "ZSI1Xe",
			"method" : "aes-256-cfb",
			"protocol" : "auth_aes128_sha1",
			"protocolparam" : "3415:yDtE9Z",
			"obfs" : "http_simple",
			"obfsparam" : "5a468.microsoft.com",
			"remarks_base64" : "6aaZ5rivMzMtSEtULcOXMC45LU5ldGZsaXgt6I2QW-WNlV0",
			"group" : "我们所向往的 - 单端口",
			"enable" : true,
			"udp_over_tcp" : false
		},
		{
			"remarks" : "香港34-HKT-×0.9-Netflix-荐[单]",
			"id" : "D7433D7DA3C62550190315C659408DB6",
			"server" : "hk34.ddns.566366.xyz",
			"server_port" : 10091,
			"server_udp_port" : 0,
			"password" : "ZSI1Xe",
			"method" : "aes-256-cfb",
			"protocol" : "auth_aes128_sha1",
			"protocolparam" : "3415:yDtE9Z",
			"obfs" : "http_simple",
			"obfsparam" : "5a468.microsoft.com",
			"remarks_base64" : "6aaZ5rivMzQtSEtULcOXMC45LU5ldGZsaXgt6I2QW-WNlV0",
			"group" : "我们所向往的 - 单端口",
			"enable" : true,
			"udp_over_tcp" : false
		},
		{
			"remarks" : "中国05-杭州电信回国-×1[单]",
			"id" : "02928BB461E769898B62687474A5D1DB",
			"server" : "hkssdxzz.ddns.357159.xyz",
			"server_port" : 10091,
			"server_udp_port" : 0,
			"password" : "ZSI1Xe",
			"method" : "aes-256-cfb",
			"protocol" : "auth_aes128_sha1",
			"protocolparam" : "3415:yDtE9Z",
			"obfs" : "http_simple",
			"obfsparam" : "5a468.microsoft.com",
			"remarks_base64" : "5Lit5Zu9MDUt5p2t5bee55S15L-h5Zue5Zu9LcOXMVvljZVd",
			"group" : "我们所向往的 - 单端口",
			"enable" : true,
			"udp_over_tcp" : false
		},
		{
			"remarks" : "官网地址:wmsxwd888.men[单]",
			"id" : "AC8CCFC9DADFB5B19F59D83A87B1D399",
			"server" : "官网地址:wmsxwd888.men",
			"server_port" : 10099,
			"server_udp_port" : 0,
			"password" : "ZSI1Xe",
			"method" : "aes-256-cfb",
			"protocol" : "auth_aes128_sha1",
			"protocolparam" : "3415:yDtE9Z",
			"obfs" : "http_simple",
			"obfsparam" : "5a468.microsoft.com",
			"remarks_base64" : "5a6Y572R5Zyw5Z2AOndtc3h3ZDg4OC5tZW5b5Y2VXQ",
			"group" : "我们所向往的 - 单端口",
			"enable" : true,
			"udp_over_tcp" : false
		},
		{
			"remarks" : "香港07-HKBN-×1.5-Netflix[单]",
			"id" : "995325EEC9A46EC286ED6CD484161035",
			"server" : "cml.wmsxwd.xyz",
			"server_port" : 10091,
			"server_udp_port" : 0,
			"password" : "ZSI1Xe",
			"method" : "aes-256-cfb",
			"protocol" : "auth_aes128_sha1",
			"protocolparam" : "3415:yDtE9Z",
			"obfs" : "http_simple",
			"obfsparam" : "5a468.microsoft.com",
			"remarks_base64" : "6aaZ5rivMDctSEtCTi3DlzEuNS1OZXRmbGl4W-WNlV0",
			"group" : "我们所向往的 - 单端口",
			"enable" : true,
			"udp_over_tcp" : false
		},
		{
			"remarks" : "游戏01-国际出口优化-×8-限速[单]",
			"id" : "F228ECD7FBEE51D444FBCC7CD0D2A9DE",
			"server" : "game01.ddns.566366.xyz",
			"server_port" : 10099,
			"server_udp_port" : 0,
			"password" : "ZSI1Xe",
			"method" : "aes-256-cfb",
			"protocol" : "auth_aes128_sha1",
			"protocolparam" : "3415:yDtE9Z",
			"obfs" : "http_simple",
			"obfsparam" : "5a468.microsoft.com",
			"remarks_base64" : "5ri45oiPMDEt5Zu96ZmF5Ye65Y-j5LyY5YyWLcOXOC3pmZDpgJ9b5Y2VXQ",
			"group" : "我们所向往的 - 单端口",
			"enable" : true,
			"udp_over_tcp" : false
		},
		{
			"remarks" : "香港19-HKT-×0.9-Netflix-荐[单]",
			"id" : "F588C14D3AF727988EDC505B0EBD4BFB",
			"server" : "hktpg.ddns.566366.xyz",
			"server_port" : 10092,
			"server_udp_port" : 0,
			"password" : "ZSI1Xe",
			"method" : "aes-256-cfb",
			"protocol" : "auth_aes128_sha1",
			"protocolparam" : "3415:yDtE9Z",
			"obfs" : "http_simple",
			"obfsparam" : "5a468.microsoft.com",
			"remarks_base64" : "6aaZ5rivMTktSEtULcOXMC45LU5ldGZsaXgt6I2QW-WNlV0",
			"group" : "我们所向往的 - 单端口",
			"enable" : true,
			"udp_over_tcp" : false
		},
		{
			"remarks" : "台湾07-CHT-Netflix-×0.8-荐[单]",
			"id" : "93BA07C0C71C161D79F481B225FD74BA",
			"server" : "tw7.ddns.357159.xyz",
			"server_port" : 10091,
			"server_udp_port" : 0,
			"password" : "ZSI1Xe",
			"method" : "aes-256-cfb",
			"protocol" : "auth_aes128_sha1",
			"protocolparam" : "3415:yDtE9Z",
			"obfs" : "http_simple",
			"obfsparam" : "5a468.microsoft.com",
			"remarks_base64" : "5Y-w5rm-MDctQ0hULU5ldGZsaXgtw5cwLjgt6I2QW-WNlV0",
			"group" : "我们所向往的 - 单端口",
			"enable" : true,
			"udp_over_tcp" : false
		},
		{
			"remarks" : "台湾09-CHT-Netflix-×0.8-荐[单]",
			"id" : "E21FDF25E1F01881E716CF7FAD65B5C6",
			"server" : "tw9.ddns.566366.xyz",
			"server_port" : 10091,
			"server_udp_port" : 0,
			"password" : "ZSI1Xe",
			"method" : "aes-256-cfb",
			"protocol" : "auth_aes128_sha1",
			"protocolparam" : "3415:yDtE9Z",
			"obfs" : "http_simple",
			"obfsparam" : "5a468.microsoft.com",
			"remarks_base64" : "5Y-w5rm-MDktQ0hULU5ldGZsaXgtw5cwLjgt6I2QW-WNlV0",
			"group" : "我们所向往的 - 单端口",
			"enable" : true,
			"udp_over_tcp" : false
		},
		{
			"remarks" : "台湾10-CHT-Netflix-×0.8-荐[单]",
			"id" : "B14A6CC3CBB91645CA1C06B61952EB92",
			"server" : "tw10.ddns.566366.xyz",
			"server_port" : 10091,
			"server_udp_port" : 0,
			"password" : "ZSI1Xe",
			"method" : "aes-256-cfb",
			"protocol" : "auth_aes128_sha1",
			"protocolparam" : "3415:yDtE9Z",
			"obfs" : "http_simple",
			"obfsparam" : "5a468.microsoft.com",
			"remarks_base64" : "5Y-w5rm-MTAtQ0hULU5ldGZsaXgtw5cwLjgt6I2QW-WNlV0",
			"group" : "我们所向往的 - 单端口",
			"enable" : true,
			"udp_over_tcp" : false
		},
		{
			"remarks" : "台湾11-CHT-Netflix-×0.8-荐[单]",
			"id" : "EA631BEE93BCBF80CC8409C5017FA8DF",
			"server" : "tw11.ddns.566366.xyz",
			"server_port" : 10091,
			"server_udp_port" : 0,
			"password" : "ZSI1Xe",
			"method" : "aes-256-cfb",
			"protocol" : "auth_aes128_sha1",
			"protocolparam" : "3415:yDtE9Z",
			"obfs" : "http_simple",
			"obfsparam" : "5a468.microsoft.com",
			"remarks_base64" : "5Y-w5rm-MTEtQ0hULU5ldGZsaXgtw5cwLjgt6I2QW-WNlV0",
			"group" : "我们所向往的 - 单端口",
			"enable" : true,
			"udp_over_tcp" : false
		},
		{
			"remarks" : "台湾12-CHT-Netflix-×0.8-荐[单]",
			"id" : "AD55665B8DC3E32B8CD095044625E6BB",
			"server" : "tw12.ddns.566366.xyz",
			"server_port" : 10091,
			"server_udp_port" : 0,
			"password" : "ZSI1Xe",
			"method" : "aes-256-cfb",
			"protocol" : "auth_aes128_sha1",
			"protocolparam" : "3415:yDtE9Z",
			"obfs" : "http_simple",
			"obfsparam" : "5a468.microsoft.com",
			"remarks_base64" : "5Y-w5rm-MTItQ0hULU5ldGZsaXgtw5cwLjgt6I2QW-WNlV0",
			"group" : "我们所向往的 - 单端口",
			"enable" : true,
			"udp_over_tcp" : false
		},
		{
			"remarks" : "台湾13-CHT-Netflix-×0.8-荐[单]",
			"id" : "4339B0E73915D9AD980A4576B4439366",
			"server" : "tw13.ddns.566366.xyz",
			"server_port" : 10091,
			"server_udp_port" : 0,
			"password" : "ZSI1Xe",
			"method" : "aes-256-cfb",
			"protocol" : "auth_aes128_sha1",
			"protocolparam" : "3415:yDtE9Z",
			"obfs" : "http_simple",
			"obfsparam" : "5a468.microsoft.com",
			"remarks_base64" : "5Y-w5rm-MTMtQ0hULU5ldGZsaXgtw5cwLjgt6I2QW-WNlV0",
			"group" : "我们所向往的 - 单端口",
			"enable" : true,
			"udp_over_tcp" : false
		},
		{
			"remarks" : "台湾14-CHT-Netflix-×0.8-荐[单]",
			"id" : "FB49C17171AB6D20DC42D167989EC73A",
			"server" : "tw14.ddns.566366.xyz",
			"server_port" : 10091,
			"server_udp_port" : 0,
			"password" : "ZSI1Xe",
			"method" : "aes-256-cfb",
			"protocol" : "auth_aes128_sha1",
			"protocolparam" : "3415:yDtE9Z",
			"obfs" : "http_simple",
			"obfsparam" : "5a468.microsoft.com",
			"remarks_base64" : "5Y-w5rm-MTQtQ0hULU5ldGZsaXgtw5cwLjgt6I2QW-WNlV0",
			"group" : "我们所向往的 - 单端口",
			"enable" : true,
			"udp_over_tcp" : false
		},
		{
			"remarks" : "香港35-HKT-×0.9-Netflix-荐[单]",
			"id" : "BFFA872BBD436B384DF207E299700687",
			"server" : "hkt35.ddns.566366.xyz",
			"server_port" : 10091,
			"server_udp_port" : 0,
			"password" : "ZSI1Xe",
			"method" : "aes-256-cfb",
			"protocol" : "auth_aes128_sha1",
			"protocolparam" : "3415:yDtE9Z",
			"obfs" : "http_simple",
			"obfsparam" : "5a468.microsoft.com",
			"remarks_base64" : "6aaZ5rivMzUtSEtULcOXMC45LU5ldGZsaXgt6I2QW-WNlV0",
			"group" : "我们所向往的 - 单端口",
			"enable" : true,
			"udp_over_tcp" : false
		}
	],
	"index" : 43,
	"random" : false,
	"sysProxyMode" : 3,
	"shareOverLan" : false,
	"localPort" : 1080,
	"localAuthPassword" : "dNbfG7Ag_09BmCXqQD4R",
	"dnsServer" : "",
	"reconnectTimes" : 2,
	"randomAlgorithm" : 3,
	"randomInGroup" : false,
	"TTL" : 0,
	"connectTimeout" : 5,
	"proxyRuleMode" : 0,
	"proxyEnable" : false,
	"pacDirectGoProxy" : false,
	"proxyType" : 0,
	"proxyHost" : null,
	"proxyPort" : 0,
	"proxyAuthUser" : null,
	"proxyAuthPass" : null,
	"proxyUserAgent" : null,
	"authUser" : null,
	"authPass" : null,
	"autoBan" : false,
	"sameHostForSameTarget" : false,
	"keepVisitTime" : 180,
	"isHideTips" : false,
	"nodeFeedAutoUpdate" : true,
	"serverSubscribes" : [
		{
			"URL" : "https://wmsxwd.win/link/GIq7tXXcGQDahbnH?mu=1",
			"Group" : "我们所向往的 - 单端口"
		}
	],
	"token" : {

	},
	"portMap" : {

	}
}